crebo,opleiding,beroep,bron,methode,essentieel,belangrijk,optioneel,kandidaten
23030,23030_BOL_2025__TIK-2025-OER-Laboratoriumtechniek,vakdocent medische laboratoriumtechnologie beroepsonderwijs,ESCO,llm-keuze,26,0,20,vakdocent medische laboratoriumtechnologie beroepsonderwijs
23110,2020 - 23110 VG Entree OER Entree BOLBBL1,—,ESCO,geen-match,0,0,0,laserlasser
23119,2021 - 23119 OER Commerciele technicus 2021 versie 1.0,technicus elektronica,ESCO,llm-keuze,29,0,32,technicus waterkracht | technicus computerhardware | technicus textieldruk | nucleair technicus | technicus elektronica | technicus spinnerij | technicus ontziltingsinstallaties | technicus chromatografie
23122,2021 - 23122 VG IN OER Eerste monteur service en onderhoud installaties en systemen BBL3,elektromechanicus,ESCO,llm-keuze,22,0,24,procesoperator stoomcentrale | operator stoomketel | monteur elektrische installaties utiliteitsbouw | monteur elektrische installaties | monteur van installaties om vliegtuigen ijsvrij te maken | elektromechanicus | monteur pneumatische systemen | monteur elektriciteitsmeters
23132,23132_BBL_2025__Operationele_Techniek_Operationeel_Technicus_Allround_Operationeel_Technicus,operationeel manager,ESCO,llm-keuze,13,0,167,airport operations officer | operationeel manager | luchthaveningenieur | technicus computerhardware | technicus civiele bouwkunde | monteur scheepsmotoren | technicus chromatografie | operationeel directeur
23186,2020 - 23186 ZWS OER TA BOL,—,ESCO,geen-match,0,0,0,tolk gebarentaal | specialist taxatie bedrijfsovername | medewerker recreatieactiviteiten | vliegtuigtanker | procesoperator zetmeelextractie | graafmachinist | fondsenwerver | wasbleker
23243,2021 - 23243 OER Software developer OER 2021 versie 1.0,ict application developer,ESCO,llm-keuze,18,0,63,ict application developer | web developer | systeemontwikkelaar | user interface developer | embedded systems software developer | ontwikkelaar software voor mobiele toestellen voor industrieel gebruik | ict-applicatieconfigurator | ict network engineer
23244,2021 - 23244 OER Allround medewerker IT systems and devices OER 2021 versie 1.0,medewerker helpdesk,ESCO,llm-keuze,19,0,8,signmaker | ICT-operationsmanager | applicatiebeheerder PACS | manager kledingwinkel | medewerker helpdesk | ontwikkelaar software voor mobiele toestellen voor industrieel gebruik | ict system tester | green ict consultant
23251,2021 - 23251 OER SW Vastgesteld,—,ESCO,geen-match,0,0,0,ict network administrator
23265,2020 - 23265 ZWS OER AA BOL,assistent-boekhouder,ESCO,llm-keuze,20,0,19,assistent-boekhouder | accountant | specialist taxatie bedrijfsovername | procesoperator zetmeelextractie | kraandrijver haven | graafmachinist | investeringsadviseur | sociaal raadsman
23284,2021 - 23284 OER DA BOL - Vastgesteld,—,ESCO,geen-match,0,0,0,bediener zuurstofbrander | productiemedewerker granulaten | fondsenwerver | schapenfokker | paardenfokker | business intelligence manager | operator lasermarkeermachine | bulkvuller
23285,23285_BOL_2025__Pedagogisch_Werk,sociaalpedagogisch hulpverlener,ESCO,llm-keuze,42,0,13,docent pedagogische wetenschappen hoger onderwijs | sociaalpedagogisch hulpverlener | medewerker kinderdagverblijf | onderwijsassistent basisonderwijs | manager jongerencentrum | praktijklector sociaal werk | consulent maatschappelijk werk | grondrigger
23286,2021 - 23286 OER TA BOL Vastgesteld,vliegtuigtanker,ESCO,llm-keuze,10,0,2,tolk gebarentaal | specialist taxatie bedrijfsovername | medewerker recreatieactiviteiten | vliegtuigtanker | procesoperator zetmeelextractie | graafmachinist | fondsenwerver | wasbleker
23296,23296_BOL_2023__2023_OER_BOL_Office-Management-Support-Specialist,office manager,ESCO,llm-keuze,17,0,19,sales support medewerker | ict network administrator | kwaliteitscontroleur farmaceutische industrie | ict security administrator | hoofd ict-beveiliging | office manager | ict security manager | midofficemedewerker
23301,23301_BBL_2025__talland-Entree,—,ESCO,geen-match,0,0,0,laserlasser
23310,23310_BOL_2025__Management_transport_en_logistiek,manager logistiek en distributie,ESCO,llm-keuze,32,0,11,manager multimodale logistiek | logistiek analist | logistiek ingenieur | manager logistiek en distributie | logistiek coördinator goederenvervoer per spoor | logistiek medewerker | logistiek manager | logistiek coördinator luchtvracht
23322,23322_BOL_2025__Handhaver_toezicht_en_veiligheid,handhaver toezicht en veiligheid,ESCO,llm-keuze,8,0,21,"handhaver toezicht en veiligheid | manager veiligheid niet-publieke deel luchthaven | veiligheidskundige | veiligheidsinspecteur mijnbouw | drilling engineer | exploitatietechnicus stoomturbine | teamleider in een mijn | servicemedewerker bioscoop, theater"
23353,23353_BOL_2025__talland-Middenkader-bouw-en-infra,voorman spoorlegger,ESCO,llm-keuze,22,0,28,bouwkundig ingenieur | projectingenieur spoorwegen | voorman spoorlegger | ingenieur civiele bouwkunde | architect | irrigatiemonteur | seismoloog | monteur elektrische installaties woningbouw
23366,23366_BOL_2023__2023_OER_Sport-en-bewegingsleider,sport- en bewegingsleider,ESCO,llm-keuze,16,0,0,sport- en bewegingsleider | sportinstructeur | bedrijfsleider verkoop sport- en kampeerartikelen | sportcoördinator | verhuurmedewerker sport- en recreatieartikelen | verkoopspecialist sport- en kampeerartikelen | beleidsmedewerker sport en recreatie | sportmanager
23384,23384_BOL_2025__23384 Sociaal werk Vitaliteit en Welzijn breed,sociaal werker,ESCO,llm-keuze,64,0,194,sociaalpedagogisch hulpverlener | beleidsmedewerker sociale zaken en welzijn | maatschappelijk werker | kinderwelzijnswerker | praktijklector sociaal werk | jeugdhulpverlener | jeugdwelzijnswerker | sociaal werker
23385,23385_BOL_2025__OER_23385_-25960_-25959_ienstverlening_-_Helpende__Medewerker_Facilitaire_Dien_wU8KR,thuishulp,ESCO,llm-keuze,64,0,0,thuiszorgmedewerker | manager dienstverlening | manager gebouwbeheer en installaties | beleidsmedewerker sociale voorzieningen | medewerker dierverzorging | facturist | thuishulp | datatypist
23399,23399_BOL_2024__2024_OER_Software-Developer,ict application developer,ESCO,llm-keuze,18,0,63,ict application developer | embedded systems software developer | ontwikkelaar software voor mobiele toestellen voor industrieel gebruik | systeemontwikkelaar | web developer | user interface developer | ict-applicatieconfigurator | ict network engineer
23415,23415_BBL_2025__Eerste_Fietstechnicus_BBL,fietsenmaker,ESCO,llm-keuze,13,0,19,fietsenmaker | eerste automonteur | eerstehulpinstructeur | senator | sergeant | luitenant | ticketverkoper | korporaal
23428,23428_BOL_2025__Immersieve_productie,productietechnicus,ESCO,llm-keuze,15,0,21,productieleider | productieleider lederwaren | productie-ingenieur | productietechnicus | hoofd productie elektrische uitrusting | bedrijfsleider tuinbouw | kweektechnicus in de aquacultuur | assemblagemedewerker producten in doek
25010,25010_BBL_2025__Industriele_lakverwerking_Industrieel_lakverwerker,Industrieel lakverwerker,CompetentNL,crebo-direct,12,0,0,
25011,25011_BBL_2025__Industriele_lakverwerking_Vakkracht_industrieel_lakverwerker,Vakkracht industrieel lakverwerker,CompetentNL,crebo-direct,18,0,0,
25017,2021 - 25017 VG H M OER 25018 Allround Meubelmaker Scheepsbouwer BBL BOL 2 3,meubelmaker,ESCO,llm-keuze,20,0,23,"meubelmaker | scheepsbouwer | manager kledingwinkel | rotanmeubelmaker | operator rubberproductie | signmaker | assemblagemedewerker meubelen | operator houtbewerkingsmachine meubelen | scheepsstoffeerder | voertuigbekleder | meubelstoffeerder | meubelrestaurateur | meubelafwerker | decoratieschilder hout | groothandelaar in meubelen, tapijten en verlichtingsartikelen"
25020,2021 - 25020 VG H M OER – Werkvoorbereider Meubelindustrie–BBL BOL 4,operator houtbewerkingsmachine meubelen,ESCO,llm-keuze,13,0,22,"operator houtbewerkingsmachine meubelen | analist fusies en overnames | coördinator onderhoud van openbaar vervoer | onderhoudsingenieur | metaalspuiter oppervlaktebehandeling | manager telecommunicatie | onderhoudstechnicus vliegtuigen | technicus drankenfiltering | scheepsstoffeerder | voertuigbekleder | scheepsbouwer | meubelstoffeerder | meubelrestaurateur | meubelafwerker | decoratieschilder hout | groothandelaar in meubelen, tapijten en verlichtingsartikelen"
25099,25099_BBL_2025__25099BBL2025MJP-MachinistGrondverzetN3,machinist bulldozer,ESCO,llm-keuze,17,0,17,machinist op een wijngaard | machinist wegenbouwmachine | machinist mobiele kraan | machinist scraper | machinist grader | machinist bulldozer | machinist wals | torenkraanmachinist
25102,2021 - 25102 VG BIS OER Allround Metselaar BOLBBL3,metselaar,ESCO,llm-keuze,18,0,30,voorman metselaar | manager kledingwinkel | metselaar | signmaker | operator rubberproductie
25103,2021 - 25103 VG BIS OER Metselaar BOLBBL2,metselaar,ESCO,llm-keuze,18,0,30,voorman metselaar | metselaar
25104,2021 - 25104 VG MBI OER Middenkaderfunctionaris Bouw BOL 4,bouwopzichter,ESCO,llm-keuze,19,0,22,opperman bouw | veiligheidsinspecteur bouw | veiligheidsmanager bouw | aannemer bouw | bouwopzichter | vioolbouwer | manager bouwkwaliteit | projectleider bouw | bouwkundig ingenieur | projectingenieur spoorwegen | voorman spoorlegger | ingenieur civiele bouwkunde | architect | irrigatiemonteur | seismoloog | monteur elektrische installaties woningbouw
25105,2021 - 25105 VG MBI OER Middenkaderfunctionaris Infra BOL4,voorman spoorlegger,ESCO,llm-keuze,22,0,28,voorman spoorlegger | projectingenieur spoorwegen | servicemonteur communicatie-infrastructuur | bouwkundig ingenieur | manager pijpleidingbeheer | manager recreatie-accommodatie | ICT-operationsmanager | e-learningarchitect | ingenieur civiele bouwkunde | architect | irrigatiemonteur | seismoloog | monteur elektrische installaties woningbouw
25118,2021 - 25118 VG BIS OER Allround Timmerman doorstroom BOLBBL3,timmerman,ESCO,llm-keuze,24,0,30,timmerman | manager kledingwinkel | signmaker | operator rubberproductie | ramenmonteur | deurenmonteur | opzichter timmerwerk | betonafwerker | vakdocent industriële vormgeving beroepsonderwijs
25119,2021 - 25119 VG BIS OER Uitvoerder Bouw BBL4,Uitvoerder bouw/infra,CompetentNL,crebo-direct,28,0,0,
25122,2020 - 25122 VG OER Werkvoorbereider fabricage onvolledig,Werkvoorbereider fabricage,CompetentNL,crebo-direct,18,0,0,
25124,2021 - 25124 VG OER 2020 werkvoorbereiders installatietechniek,Werkvoorbereider installaties,CompetentNL,crebo-direct,17,0,0,
25125,25125_BOL_2025__talland-Betontimmerman,Betontimmerman,CompetentNL,crebo-direct,9,0,0,
25128,2021 - 25128 VG BIS OER Timmerman BOLBBL2,timmerman,ESCO,llm-keuze,24,0,30,timmerman | ramenmonteur | deurenmonteur | opzichter timmerwerk | betonafwerker | scheepsbouwer | vakdocent industriële vormgeving beroepsonderwijs
25130,25130_BBL_2025__talland-Voeger,Voeger,CompetentNL,crebo-direct,13,0,0,
25132,2021 - 25132 OER (Junior) accountmanager (V1),accountmanager,ESCO,llm-keuze,21,0,11,accountmanager | manager zakenbank | manager pensioenverzekeringen | administratief medewerker hypotheken | cliëntadviseur bankbedrijf | adviseur kredieten | logistiek manager | commercieel vertegenwoordiger | commercieel vertegenwoordiger elektriciteit | commercieel medewerker spoorwegen | commercieel piloot | commercieel vertegenwoordiger duurzame energie | medewerker verhuur van vastgoed | commercieel directeur | salesmanager
25133,2020 - 25133 OER Assistent manager internationale handel,commercieel vertegenwoordiger,ESCO,llm-keuze,30,0,43,import-exportmanager drankenhandel | import-exportmanager kantoormeubelen | import-exportmanager tabaksproducten | import-exportmanager gereedschapswerktuigen | import-exportmanager huishoudartikelen | import-exportmanager bloemen en planten | import-exportmanager kleding en schoeisel | import-exportmanager farmaceutische producten | commercieel vertegenwoordiger | commercieel vertegenwoordiger elektriciteit | commercieel medewerker spoorwegen | commercieel piloot | commercieel vertegenwoordiger duurzame energie | medewerker verhuur van vastgoed | commercieel directeur | salesmanager
25134,2021 - 25134 OER Commercieel medewerker (V1),commercieel vertegenwoordiger,ESCO,llm-keuze,30,0,43,commercieel medewerker spoorwegen | medewerker verhuur van vastgoed | promotiemedewerker | cliëntadviseur bankbedrijf | raadgevend actuaris | commercieel vertegenwoordiger | commercieel vertegenwoordiger elektriciteit | commercieel piloot | commercieel vertegenwoordiger duurzame energie | commercieel directeur | salesmanager
25136,2020 - 25136 OER Intercedent,arbeidsbemiddelaar,ESCO,llm-keuze,13,0,15,arbeidsbemiddelaar | commercieel vertegenwoordiger | commercieel vertegenwoordiger elektriciteit | commercieel medewerker spoorwegen | commercieel piloot | commercieel vertegenwoordiger duurzame energie | medewerker verhuur van vastgoed | commercieel directeur | salesmanager
25137,2021 - 25137 OER Vestigingsmanager groothandel V1,groothandelaar,ESCO,llm-keuze,19,0,56,groothandelaar in levende dieren | groothandelaar in juwelen en uurwerken | groothandelaar in kantoormeubilair | groothandelaar in elektrische huishoudapparaten | groothandelaar in groente en fruit | groothandelaar in farmaceutische producten | groothandelaar in cosmetica en parfums | groothandelaar | commercieel vertegenwoordiger | commercieel vertegenwoordiger elektriciteit | commercieel medewerker spoorwegen | commercieel piloot | commercieel vertegenwoordiger duurzame energie | medewerker verhuur van vastgoed | commercieel directeur | salesmanager
25138,2020 - 25138 10 11 2020 FAB niv 4 cohort aanpassing uren keuzedeel,backofficemedewerker financiële markten,ESCO,llm-keuze,8,0,14,tweede copiloot | sounddesigner | toiletmedewerker | versteller van kleding | loodgieter | user interface designer | kalkbrander | technisch vertegenwoordiger | backofficemedewerker financiële markten | overheidsaccountant | asset manager | verantwoordelijke projectfinanciering | financieel directeur bankbedrijf | financieel analist | financieel planner | financieel directeur
25155,2021 - 25155 Verkoopspecialist niveau 3 2021 versie 1.1,verkoopspecialist,ESCO,llm-keuze,26,0,314,"humanitair adviseur | hotelbutler | senator | operator gasverwerkingsinstallatie | roerganger | verkoopspecialist | technicus stralingsbescherming | monteur scheepsmotoren | consulent zonne-energie | verkoopspecialist boeken, tijdschriften en kantoorartikelen | verkoopspecialist zorgartikelen en -hulpmiddelen | verkoopmedewerker | winkelmedewerker | manager verkoop motorvoertuigen | reisconsulent | bedrijfsleider verkoop sport- en kampeerartikelen"
25160,2021 - 25160 OER Leidinggevende team afdeling project (V2) (1),projectmanager,ESCO,llm-keuze,28,0,16,productieleider textielindustrie | projectmanager | leidinggevende precisiemechanica | manager bedrijfseenheid | productieleider | leidinggevende waterterugwinning | teamleider dierenverzorgers | specialist biomedische wetenschappen | risicokapitaalinvesteerder | survivalinstructeur | distilleerderij-opzichter | magazijnchef | leidinggevende gasverwerkingsinstallatie | productieleider houtindustrie
25161,2020 - 25161 VG OER Technisch Leidinggevende,leidinggevende precisiemechanica,ESCO,llm-keuze,16,0,20,risicokapitaalinvesteerder | audiovisueel technisch assistent | technisch tekenaar | leidinggevende waterterugwinning | technisch verkoper | technisch rechercheur | technisch ingenieur vaartuigen | technisch vertegenwoordiger | survivalinstructeur | distilleerderij-opzichter | magazijnchef | leidinggevende gasverwerkingsinstallatie | leidinggevende precisiemechanica | productieleider houtindustrie
25162,2020 - 25162 Manager retail niveau 4 2020 versie 1.5,rayonmanager detailhandel,ESCO,llm-keuze,27,0,13,afdelingsmanager detailhandel | bedrijfsleider woonwinkel | rayonmanager detailhandel | manager retailpromoties | manager dienstverlening | manager dierenfaciliteit | forecastmanager | sportmanager | beleggingsanalist | medewerker arbeidsverhoudingen | operator intermodale spoorweguitrusting | kwaliteitsauditor callcenter
25165,2021 - 25165 OER Vakman Ondernemer (V2) (1),bedrijfsleider bakkerswinkel,ESCO,llm-keuze,32,0,5,"vakman waterbouw | vakman grond-, weg- en waterbouw | bedrijfsleider bakkerswinkel | apothekersassistent | markt- en straathandelaar | netwerkmarketeer | spoorlegger | bedrijfsleider tankstation | kwaliteitscontroleur pulp | medewerker slachtofferhulp | informatiemanager | anodiseur | brigadegeneraal | dividendanalist | manager bedrijfseenheid | manager reddingscentrum"
25167,2021 - 25167 Verkoper niveau 2 versie 1.1,huis-aan-huisverkoper,ESCO,llm-keuze,20,0,10,"verkoopspecialist optiek | verkoopspecialist motorvoertuigen | huis-aan-huisverkoper | technisch verkoper | verkoopspecialist delicatessen | verkoopspecialist games, multimedia en software | advertentie- en reclameacquisiteur | verkoopspecialist huishoudapparaten | bedrijfsleider kringloopwinkel | manager kledingwinkel | manager antiekwinkel | manager delicatessenwinkel | verkoopmanager bouwmaterialen | bedrijfsleider verkoop schoenen en lederwaren | manager verkoop motorvoertuigen | manager witgoedwinkel"
25168,Gastheer/-vrouw,Gastheer/-vrouw,CompetentNL,crebo-direct,14,0,0,
25171,25171_BBL_2025__25171 Zelfstandig werkend gastheer-vrouw 36,Zelfstandig werkend gastheer/-vrouw,CompetentNL,crebo-direct,23,0,0,
25173,2021 - 25173 OER Uitvoerend Bakker (V1),bakker,ESCO,llm-keuze,35,0,47,bakker | bedrijfsleider bakkerswinkel | verkoopspecialist brood en banket | bakkerijmedewerker | banketbakker | uitvoerend kunstenaar | uitvoerend producent | uitvoerend medewerker bosbouw | banketbakker | manager evenementlocaties | hoofdbanketbakker | gebakmaker
25174,2020 - 25174 OER Zelfstandig werkend bakker,bakker,ESCO,llm-keuze,35,0,47,bakker | bedrijfsleider bakkerswinkel | verkoopspecialist brood en banket | bakkerijmedewerker | woonbegeleider | banketbakker | archiefmedewerker | componist | banketbakker | manager evenementlocaties | hoofdbanketbakker | gebakmaker
25175,2020 - 25175 OER Facilitair leidinggevende (V5),manager gebouwbeheer en installaties,ESCO,llm-keuze,33,0,17,manager gebouwbeheer en installaties | manager dienstverlening | leidinggevende waterterugwinning | directeur luchthaven | productieleider textielindustrie | distilleerderij-opzichter | chef machinebediening | manager luchtvaart
25179,25179_BBL_2025__25179 Gespecialiseerd kok 48 maanden BBL,Gespecialiseerd kok,CompetentNL,crebo-direct,35,0,0,
25180,25180_BBL_2025__25180BBL2025MJP-Kok,Kok,CompetentNL,crebo-direct,14,0,0,
25182,25182_BOL_2025__25182BOLExamenplan2025-Zelfstandig-werkend-kok-cohort-2025,Zelfstandig werkend kok,CompetentNL,crebo-direct,23,0,0,
25184,2021 - 25184 MANAGER-ONDERNEMER HORECA niv 4 cohort 2021-2022 duits HHW,Manager/ondernemer horeca,CompetentNL,crebo-direct,42,0,0,
25185,25185_BOL_2025__OER (OUD) - 25185 - Meewerkend horeca ondernemer,Meewerkend horeca ondernemer,CompetentNL,crebo-direct,39,0,0,
25201,2020 - 25201 VG VG OER Mediavormgeving BOL4,—,ESCO,geen-kandidaten,0,0,0,
25212,2021 - 25212 VG OER Ruimtelijke Vormgeving BOL4,vakdocent ontwerp en toegepaste kunst beroepsonderwijs,ESCO,llm-keuze,27,0,24,vakdocent industriële vormgeving beroepsonderwijs | vakdocent ontwerp en toegepaste kunst beroepsonderwijs | overheidsfunctionaris vergunningen | metaalbewerker-siersmid | prepresstechnicus | manager volkshuisvesting | bediener vormpers | machinaal houtbewerker: draaier
25213,2020 - 25213 VG VG OER 25214 Sign BOL2 3,signmaker,ESCO,llm-keuze,14,0,16,signmaker | voertuigontwerper | user interface designer | user interface developer | marshaller | juwelenontwerper | ict intelligent systems designer | ontwerpingenieur
25214,2021 - 25214 VG OER 25214 Sign BOL2 3,signmaker,ESCO,llm-keuze,14,0,16,signmaker | voertuigontwerper | user interface designer | user interface developer | marshaller | juwelenontwerper | ict intelligent systems designer | ontwerpingenieur
25230,25230_BOL_2025__TIK-2025-OER-Fietstechniek,—,ESCO,geen-kandidaten,0,0,0,
25231,2021 - 25231 VG VTT OER Fietstechniek,—,ESCO,geen-kandidaten,0,0,0,
25235,2020 - 25235 VG VTT OER scooter,fietsenmaker,ESCO,llm-keuze,13,0,19,fietsenmaker | matroos-motordrijver
25242,2020 - 25242 VG VTT OER BOLBBL2,assemblagetechnicus voertuigen,ESCO,llm-keuze,26,0,30,machinist mobiele kraan | onderhoudsmonteur telecommunicatieapparatuur | ontwikkelaar software voor mobiele toestellen voor industrieel gebruik | monteur mobiele telefoons | ingenieur werktuigkunde | assemblagetechnicus voertuigen | reparateur mobiele telefoons | monteur kranen
25243,2020 - 25243 VG VTT OER BAT BB BO N2,assemblagetechnicus voertuigen,ESCO,llm-keuze,26,0,30,beleidsmedewerker buitenlandse zaken | fitnessinstructeur | maker van fotografieapparatuur | bediener zuurstofbrander | tolk gebarentaal | ketelbouwer metaal | sneeuwruimer | vermoutproducent | machinist mobiele kraan | onderhoudsmonteur telecommunicatieapparatuur | ontwikkelaar software voor mobiele toestellen voor industrieel gebruik | monteur mobiele telefoons | ingenieur werktuigkunde | assemblagetechnicus voertuigen | reparateur mobiele telefoons | monteur kranen
25244,2020 - 25244 VG VTT OER BBL3 doorstroom,machinist mobiele kraan,ESCO,llm-keuze,17,0,14,rioolreiniger | operator tabletteermachine | instructeur luchtverkeersleiding | pijpleidingoperator | machinist mobiele kraan | onderhoudsmonteur telecommunicatieapparatuur | ontwikkelaar software voor mobiele toestellen voor industrieel gebruik | monteur mobiele telefoons | ingenieur werktuigkunde | assemblagetechnicus voertuigen | reparateur mobiele telefoons | monteur kranen
25248,2020 - 25248 VG VTT OER TSB BBL,assemblagetechnicus voertuigen,ESCO,llm-keuze,26,0,30,machinist mobiele kraan | onderhoudsmonteur telecommunicatieapparatuur | ontwikkelaar software voor mobiele toestellen voor industrieel gebruik | monteur mobiele telefoons | ingenieur werktuigkunde | assemblagetechnicus voertuigen | reparateur mobiele telefoons | monteur kranen
25249,2021 - 25249 VG VTT OER Technische Specialist Autotechniek BBL4,assemblagetechnicus voertuigen,ESCO,llm-keuze,26,0,30,autotechnisch ingenieur | specialist geografische informatiesystemen | specialist vliegtuigmotoren | valutamakelaar | biomedisch technoloog | valutatrader | ontharingsspecialist | analist ict-noodherstel | machinist mobiele kraan | onderhoudsmonteur telecommunicatieapparatuur | ontwikkelaar software voor mobiele toestellen voor industrieel gebruik | monteur mobiele telefoons | ingenieur werktuigkunde | assemblagetechnicus voertuigen | reparateur mobiele telefoons | monteur kranen
25250,2021 - 25250 VG Entree OER 2020 V0,—,ESCO,geen-match,0,0,0,laserlasser
25251,2021 - 25251 VG Entree OER 2020 V0,—,ESCO,geen-match,0,0,0,laserlasser
25252,2021 - 25252 VG Entree OER 2020 V0,—,ESCO,geen-match,0,0,0,laserlasser
25253,2021 - 25253 VG Entree OER 2020 V0,—,ESCO,geen-match,0,0,0,laserlasser
25254,2021 - 25254 VG Entree OER 2020 V0,—,ESCO,geen-match,0,0,0,laserlasser
25255,2021 - 25255 VG Entree OER 2020 V0,—,ESCO,geen-match,0,0,0,laserlasser
25257,2021 - 25257 VG Entree OER 2020 V0,—,ESCO,geen-match,0,0,0,laserlasser
25263,2020 - 25263 VG ELE OER Technicus Elektrotechniek Woning en Utiliteit BBL4,elektrotechnicus,ESCO,llm-keuze,28,0,39,technicus waterleidingssystemen | elektromechanicus | elektronica-ingenieur | inspecteur nutsvoorzieningen | panelenbouwer | tekenaar elektronica | monteur elektrische installaties woningbouw | technicus waterkracht | monteur elektrische installaties utiliteitsbouw | ingenieur elektriciteit | monteur elektrische installaties | elektrotechnicus | inbedrijfsteller installaties en machines | irrigatietechnicus | irrigatiemonteur | ingenieur inbedrijfstelling
25286,2021 - 25286 VG WTB OER Allround Constructiewerke BBL3,draaier metaal,ESCO,llm-keuze,19,0,26,manager kledingwinkel | signmaker | operator rubberproductie | draaier metaal
25290,2020 - 25290 VG WTB OER Basislasser BBL BOL2,draaier metaal,ESCO,llm-keuze,19,0,26,draaier metaal
25291,2021 - 25291 VG WTB OER Constructiewerker BOL BBL.2,draaier metaal,ESCO,llm-keuze,19,0,26,vulmachinist cokesoven | CAD-patroontekenaar | CAD-patroontekenaar lederwaren | officier zeedienst | voertuigontwerper | lay-outtekenaar animatiefilms | animatiefilmmaker | draaier metaal
25296,2021 - 25296 OER Commerciele technicus 2021 versie 1.0,technicus elektronica,ESCO,llm-keuze,29,0,32,"technicus waterkracht | technicus computerhardware | technicus textieldruk | nucleair technicus | technicus elektronica | technicus spinnerij | technicus ontziltingsinstallaties | technicus chromatografie | collectiebeheerder dierentuin | autotechnisch ingenieur | docent ingenieurswetenschappen hoger onderwijs | ict intelligent systems designer | ict usability tester | onderzoeker productontwikkeling textiel, leder en schoeisel | technisch tekenaar koel-, lucht- en verwarmingstechniek | mastering engineer"
25297,2021 - 25297 VG ENG OER Technicus EngineeringBOL4,technicus elektronica,ESCO,llm-keuze,29,0,32,"technicus computerhardware | technicus waterkracht | technicus microsystemen | technisch ingenieur optomechanica | mastering engineer | technicus textieldruk | nucleair technicus | technicus elektronica | collectiebeheerder dierentuin | autotechnisch ingenieur | docent ingenieurswetenschappen hoger onderwijs | ict intelligent systems designer | ict usability tester | onderzoeker productontwikkeling textiel, leder en schoeisel | technisch tekenaar koel-, lucht- en verwarmingstechniek"
25302,2020 - 25302 VG WTB OER Verspaner BOL2,operator CNC-machine,ESCO,llm-keuze,19,0,129,operator CNC-machine | draaier | frezer
25304,25304_BBL_2025__25304BBL2025Examenplan,Eerste monteur service en onderhoud elektrotechniek en instrumentatie,CompetentNL,crebo-direct,34,0,0,
25306,25306_BBL_2025__25306BBL2025Examenplan,Eerste monteur service en onderhoud werktuigbouw,CompetentNL,crebo-direct,33,0,0,
25307,2020 - 25307 VG IN OER emso ,onderhoudstechnicus vliegtuigen,ESCO,llm-keuze,29,0,8,technicus bodemonderzoek | manager telecommunicatie | onderhoudstechnicus vliegtuigen | sneeuwruimer | lasser | medewerker recreatieactiviteiten | directeur luchthaven | enveloppenmaker | operator stoomketel | procesoperator stoomcentrale | technisch medewerker klantenservice | auto-elektricien | ICT-helpdeskmanager | medewerker datacentrum | officer Luchtvaartinformatiedienst | tennisleraar
25308,25308_BOL_2024__TIK_2024_OER_25308_Monteur_service_en_onderhoud_werktuigkundige_installaties,Monteur service en onderhoud installaties en systemen,CompetentNL,crebo-direct,29,0,0,
25309,2020 - 25309 VG ELE OER Technicus Service en Onderhoud BBL4,Technicus service en onderhoud elektrotechniek en instrumentatie,CompetentNL,crebo-direct,34,0,0,
25331,2021 - 25331 VG ELE OER Eerste Monteur Elektrotechnische Industriële Installaties en Systemen BBL3,monteur elektrische installaties,ESCO,llm-keuze,21,0,31,monteur elektrische installaties utiliteitsbouw | monteur elektrische installaties | assemblagemonteur industriële installaties | monteur elektrische installaties woningbouw | assemblagemedewerker elektronische apparatuur | monteur elektrische installaties gebouwen | elektricien evenementen | technicus automatisering | elektromechanicus | elektrotechnicus | ingenieur elektriciteit
25332,2020 - 25332 VG ELE OER Eerste Monteur Elektrotechnische Installaties Woning en Utiliteit BBL3,monteur elektrische installaties,ESCO,llm-keuze,21,0,31,monteur elektrische installaties woningbouw | monteur elektrische installaties utiliteitsbouw | monteur elektrische installaties | monteur elektrische installaties gebouwen | elektromechanicus | monteur machines smederij | keukenmonteur | elektricien evenementen | elektrotechnicus | ingenieur elektriciteit | assemblagemonteur industriële installaties
25333,2021 - 25333 VG ELE OER Monteur Elektrotechnische Installaties BBL BOL2,monteur elektrische installaties,ESCO,llm-keuze,21,0,31,monteur elektrische installaties | monteur elektrische installaties woningbouw | monteur elektrische installaties utiliteitsbouw | monteur elektrische installaties gebouwen | elektromechanicus | monteur machines smederij | elektricien evenementen | teamleider elektriciens | elektrotechnicus | ingenieur elektriciteit | assemblagemonteur industriële installaties
25340,2020 - 25340 VG WEI Eerste Monteur Mechatronica BBL3,mechatronicus,ESCO,llm-keuze,28,0,34,assemblagetechnicus mechatronica | eerste automonteur | mechatronicus | dispatcher voor het elektriciteitstransportnet | exploitatietechnicus elektriciteitsleidingen | mechatronisch ingenieur | fietsenbouwer | robotica-ingenieur
25342,2021 - 25342 VG WEI OER Monteur Mechatronica BBL2,mechatronicus,ESCO,llm-keuze,28,0,34,assemblagetechnicus mechatronica | mechatronicus | mechatronisch ingenieur | robotica-ingenieur | monteur elektriciteitsnetten | monteur kranen | monteur elektriciteitsmeters | monteur oldtimers
25344,2021 - 25344 VG WTB OER Technicus Mechatronica Systemen BBL4,mechatronicus,ESCO,llm-keuze,28,0,34,assemblagetechnicus mechatronica | mechatronicus | mechatronisch ingenieur | robotica-ingenieur | technicus waterkracht | technicus microsystemen | technicus alarmsystemen | irrigatietechnicus | ingenieur zonne-energie | monteur pneumatische systemen
25349,2021 - 25349 VG IN OER Eerste Monteur Woning,monteur elektrische installaties woningbouw,ESCO,llm-keuze,19,0,20,monteur elektrische installaties woningbouw | keukenmonteur | eerste automonteur | dispatcher voor het elektriciteitstransportnet | exploitatietechnicus elektriciteitsleidingen | monteur kranen | monteur elektriciteitsmeters | monteur mijnbouwmachines | werktuigkundige koelinstallaties visserij | werktuigkundige scheepvaart | assistent-werktuigkundige vissersschepen | werktuigkundige aandrijvingen | elektricien evenementen | hoofdwerktuigkundige scheepvaart | exploitatietechnicus energiecentrale fossiele brandstoffen | montageleider machineassemblage
25350,25350_BBL_2025__25350BBL2025MJP-MonteurWerktuigkundigeInstallatiesN2,Monteur werktuigkundige installaties,CompetentNL,crebo-direct,21,0,0,
25371,2020 - 25371 OER Logistiek medewerker (V2),logistiek medewerker,ESCO,llm-keuze,8,0,21,logistiek medewerker | medewerker grondstoffenontvangst | logistiek analist | medewerker melkontvangst | parlementair medewerker | manager logistiek en distributie | logistiek coördinator goederenvervoer per spoor | logistiek ingenieur | logistiek coördinator luchtvracht | distributiemanager | logistiek manager
25372,2020 - 25372 OER Logistiek teamleider (V2),logistiek manager,ESCO,llm-keuze,17,0,75,logistiek manager | teamleider vloerlegger | teamleider terrazzovloerenlegger | teamleider isolatie | teamleider-loodgieter | teamleider kraanmachinisten | teamleider in fastfoodrestaurants en snackbars | teamleider glaszetters | logistiek coördinator goederenvervoer per spoor | manager logistiek en distributie | logistiek medewerker | logistiek ingenieur | logistiek analist | logistiek coördinator luchtvracht | distributiemanager
25379,2020 - 25379 OER Manager Transport en Logistiek,logistiek manager,ESCO,llm-keuze,17,0,75,manager multimodale logistiek | logistiek analist | manager logistiek en distributie | distributiemanager | distributiemanager drankenhandel | distributiemanager huishoudartikelen | logistiek medewerker | logistiek manager | logistiek ingenieur | logistiek coördinator goederenvervoer per spoor | logistiek coördinator luchtvracht
25402,25402_BOL_2025__allround-grimeur-25402,grimeur,ESCO,llm-keuze,27,0,27,grimeur | manager kledingwinkel | toneelkapper | signmaker | operator rubberproductie | ontwerper kapsels en grime | orthopedist | sterilisatieassistent | medisch dictafonist | ambulancechauffeur | inspiciënt | body artist
25411,2021 - 25411 SB N4 Vastgesteld,sport- en bewegingsleider,ESCO,llm-keuze,16,0,0,sportinstructeur | bedrijfsleider verkoop sport- en kampeerartikelen | sportcoördinator | verhuurmedewerker sport- en recreatieartikelen | verkoopspecialist sport- en kampeerartikelen | beleidsmedewerker sport en recreatie | sportmanager | sport- en bewegingsleider
25412,2021 - 25412 SB N4 Vastgesteld,sport- en bewegingsleider,ESCO,llm-keuze,16,0,0,sportinstructeur | bedrijfsleider verkoop sport- en kampeerartikelen | sportcoördinator | verhuurmedewerker sport- en recreatieartikelen | verkoopspecialist sport- en kampeerartikelen | beleidsmedewerker sport en recreatie | sportmanager | sport- en bewegingsleider
25413,2021 - 25413 SB N4 Vastgesteld,sport- en bewegingsleider,ESCO,llm-keuze,16,0,0,sportinstructeur | bedrijfsleider verkoop sport- en kampeerartikelen | sportcoördinator | verhuurmedewerker sport- en recreatieartikelen | verkoopspecialist sport- en kampeerartikelen | beleidsmedewerker sport en recreatie | sportmanager | sport- en bewegingsleider
25414,2021 - 25414 SB N4 Vastgesteld,sport- en bewegingsleider,ESCO,llm-keuze,16,0,0,sportinstructeur | bedrijfsleider verkoop sport- en kampeerartikelen | sportcoördinator | verhuurmedewerker sport- en recreatieartikelen | verkoopspecialist sport- en kampeerartikelen | beleidsmedewerker sport en recreatie | sportmanager | sport- en bewegingsleider
25415,2021 - 25415 OER SB N3 en N4 Vastgesteld,sport- en bewegingsleider,ESCO,llm-keuze,16,0,0,specialist taxatie bedrijfsovername | enveloppenmaker | pijpleidingoperator | procesoperator zetmeelextractie | beeldhouwer | elektromonteur rollend materieel | manager klantbeleving | copywriter | sportinstructeur | bedrijfsleider verkoop sport- en kampeerartikelen | sportcoördinator | verhuurmedewerker sport- en recreatieartikelen | verkoopspecialist sport- en kampeerartikelen | beleidsmedewerker sport en recreatie | sportmanager | sport- en bewegingsleider
25471,25471_BOL_2024__2024_OER_Entree-dienstverlening,—,ESCO,geen-match,0,0,0,kwaliteitsmanager dienstverlening | manager dienstverlening | teamleider in fastfoodrestaurants en snackbars | onderhandelaar toeristische contracten | manager zakelijke dienstverlening | manager juridische dienstverlening | beleidsmedewerker sociale voorzieningen | manager sociale dienstverlening
25472,25472_BOL_2025__acteur-theater (1),acteur/actrice,ESCO,llm-keuze,23,0,40,"regieassistent theater | decorontwerper | acteur/actrice | grimeur | agent | servicemedewerker bioscoop, theater | stand-in | theatertechnicus"
25473,2020 - 25473 ZWS OER DA BOL,doktersassistent,ESCO,llm-keuze,45,0,15,bediener zuurstofbrander | productiemedewerker granulaten | fondsenwerver | schapenfokker | paardenfokker | business intelligence manager | operator lasermarkeermachine | bulkvuller | doktersassistent | bloedafnameassistent
25474,2021 - 25474 OER MZ BBL Vastgesteld,maatschappelijk werker,ESCO,llm-keuze,61,0,46,"medisch codeur | consulent maatschappelijk werk | teamleider instelling maatschappelijk werk | maatschappelijk werker | manager sociale dienstverlening | medewerker sociale zekerheid | sociaalpedagogisch hulpverlener | maatschappelijk werker, specialisatie geestelijke gezondheidszorg | thuiszorgmedewerker"
25475,2020 - 25475 ZWS OER VIG MZ3 BBL,maatschappelijk werker,ESCO,llm-keuze,61,0,46,"consulent maatschappelijk werk | teamleider instelling maatschappelijk werk | maatschappelijk werker | manager sociale dienstverlening | medewerker sociale zekerheid | sociaalpedagogisch hulpverlener | maatschappelijk werker, specialisatie geestelijke gezondheidszorg | thuiszorgmedewerker"
25476,2021 - 25476 MZ BOL Vastgesteld,maatschappelijk werker,ESCO,llm-keuze,61,0,46,"medisch codeur | consulent maatschappelijk werk | teamleider instelling maatschappelijk werk | maatschappelijk werker | manager sociale dienstverlening | medewerker sociale zekerheid | sociaalpedagogisch hulpverlener | maatschappelijk werker, specialisatie geestelijke gezondheidszorg | thuiszorgmedewerker"
25477,2021 - 25477 MZ BOL Vastgesteld,maatschappelijk werker,ESCO,llm-keuze,61,0,46,"medisch codeur | consulent maatschappelijk werk | teamleider instelling maatschappelijk werk | maatschappelijk werker | manager sociale dienstverlening | medewerker sociale zekerheid | sociaalpedagogisch hulpverlener | maatschappelijk werker, specialisatie geestelijke gezondheidszorg | thuiszorgmedewerker"
25478,2021 - 25478 MZ BBL Vastgesteld,maatschappelijk werker,ESCO,llm-keuze,61,0,46,"medisch codeur | consulent maatschappelijk werk | teamleider instelling maatschappelijk werk | maatschappelijk werker | manager sociale dienstverlening | medewerker sociale zekerheid | sociaalpedagogisch hulpverlener | maatschappelijk werker, specialisatie geestelijke gezondheidszorg | thuiszorgmedewerker"
25498,2020 - 25498 ZWS OER HZW BOL WLC Hoorn en vmbo kadertraject,manager dienstverlening,ESCO,llm-keuze,13,0,203,specialist taxatie bedrijfsovername | enveloppenmaker | pijpleidingoperator | procesoperator zetmeelextractie | beeldhouwer | elektromonteur rollend materieel | manager klantbeleving | copywriter | kwaliteitsmanager dienstverlening | manager dienstverlening | teamleider in fastfoodrestaurants en snackbars | onderhandelaar toeristische contracten | manager zakelijke dienstverlening | manager juridische dienstverlening | beleidsmedewerker sociale voorzieningen | productmanager toerisme
25499,2021 - 25499 OER Medewerker Facilitaire Dienstverlening,manager dienstverlening,ESCO,llm-keuze,13,0,203,manager dienstverlening | manager gebouwbeheer en installaties | kwaliteitsmanager dienstverlening | beleidsmedewerker sociale voorzieningen | medewerker vetzuivering | tuinbouwmedewerker | medewerker fastfood | medewerker diervoeding | teamleider in fastfoodrestaurants en snackbars | onderhandelaar toeristische contracten | manager zakelijke dienstverlening | manager juridische dienstverlening | productmanager toerisme
25500,25500_BOL_2024__OER (OUD) - 25500 - Medewerker Sport en recreatie,medewerker recreatieactiviteiten,ESCO,llm-keuze,9,0,7,verhuurmedewerker sport- en recreatieartikelen | beleidsmedewerker sport en recreatie | sportcoördinator | medewerker recreatieactiviteiten | kaartjesverkoper | manager recreatie-accommodatie | recreatiebegeleider | medewerker fitness | kwaliteitsmanager dienstverlening | manager dienstverlening | teamleider in fastfoodrestaurants en snackbars | onderhandelaar toeristische contracten | manager zakelijke dienstverlening | manager juridische dienstverlening | beleidsmedewerker sociale voorzieningen | productmanager toerisme
25549,2020 - 25549 OER Chauffeur wegvervoer (V2),vrachtwagenchauffeur,ESCO,llm-keuze,19,0,1,chauffeur gevaarlijke stoffen | chauffeur vuilniswagen | chauffeur uitvaartverzorging | chauffeur/verhuizer | trolleybuschauffeur | vrachtwagenchauffeur | chauffeur betonmixer | privéchauffeur | logistiek coördinator goederenvervoer per spoor | dispatcher goederenvervoer | manager wegtransport | manager divisie wegtransport | algemeen directeur vrachtvervoer binnenvaart | algemeen directeur zeetransport
25575,2021 - 25575 OER Instructeur mbo BBL Vastgesteld,Instructeur mbo,CompetentNL,crebo-direct,16,0,0,
25581,25581_oer_00_2025_vg_bol_onderzoeker-leefomgeving,Onderzoeker leefomgeving,CompetentNL,crebo-direct,23,0,0,
25582,25582_BOL_2025__Examenplannen Toegepaste Biologie en Science 25-26,Adviseur leefomgeving,CompetentNL,crebo-direct,23,0,0,
25583,25583_BOL_2025__talland-Montagemedewerker-houttechniek,Montagemedewerker houttechniek,CompetentNL,crebo-direct,22,0,0,
25584,25584_BBL_2025__25584BBL2025MJP-MachineOperatorHouttechniekN2,Machineoperator houttechniek,CompetentNL,crebo-direct,23,0,0,
25585,25585_BBL_2025__25585BBL2025MJP-AllroundMontageMedewerkerHouttechniekN3,Allround montagemedewerker houttechniek,CompetentNL,crebo-direct,26,0,0,
25586,25586_BBL_2025__25586BBL2025MJP-AllroundMachineOperatorHouttechniekN3,Allround machineoperator houttechniek,CompetentNL,crebo-direct,29,0,0,
25587,25587_BOL_2025__Industrieel_produceren_met_hout_Werkvoorbereider_houttechniek,Werkvoorbereider houttechniek,CompetentNL,crebo-direct,27,0,0,
25588,2020 - 25588 VG SCH OER Gezel schilder BBLBOL3,Gezel schilder,CompetentNL,crebo-direct,11,0,0,
25589,2020 - 25589 VG SCH OER Schilder BBBO2,Schilder,CompetentNL,crebo-direct,6,0,0,
25591,25591_BOL_2025__oer-2025-2026-ci-25591-mediamaker,Mediamaker,CompetentNL,crebo-direct,18,0,0,
25592,25592_BOL_2025__oer-2025-2026-ci-25592-allround-mediamaker,Allround mediamaker,CompetentNL,crebo-direct,18,0,0,
25599,25599_BOL_2025__talland-Aankomend-medewerker-grondoptreden,Aankomend medewerker grondoptreden,CompetentNL,crebo-direct,24,0,0,
25600,25600_BOL_2025__talland-Aankomend-onderofficier-grondoptreden,Aankomend onderofficier grondoptreden,CompetentNL,crebo-direct,41,0,0,
25604,2021 - 25604 OER Software developer OER 2021 versie 1.0,ict application developer,ESCO,llm-keuze,18,0,63,ict application developer | web developer | systeemontwikkelaar | user interface developer | embedded systems software developer | ontwikkelaar software voor mobiele toestellen voor industrieel gebruik | ict-applicatieconfigurator | ict network engineer | ict business development manager | eBusiness-manager | businessdevelopmentmanager | cosmetisch scheikundige | onderzoeksingenieur | software analist | manager onderzoek en ontwikkeling | software ontwikkelaar
25605,2020 - 25605 allround medewerker it systems and devices,medewerker helpdesk,ESCO,llm-keuze,19,0,8,signmaker | ICT-operationsmanager | applicatiebeheerder PACS | manager kledingwinkel | medewerker helpdesk | ontwikkelaar software voor mobiele toestellen voor industrieel gebruik | ict system tester | green ict consultant | systeemontwikkelaar | embedded systems designer | embedded systems software developer
25606,2021 - 25606 OER Expert IT systems and devices 2021 versie 1.0,systeemontwikkelaar,ESCO,llm-keuze,19,0,60,ICT-operationsmanager | ict intelligent systems designer | luchtvaartinformatie-expert | ontwikkelaar software voor mobiele toestellen voor industrieel gebruik | ict system tester | datacommunicatiemanager luchtvaart | green ict consultant | systeemontwikkelaar | applicatiebeheerder PACS | embedded systems designer | embedded systems software developer
25607,25607_BOL_2023__2023_OER_Medewerker-ICT-Support,medewerker helpdesk,ESCO,llm-keuze,19,0,8,sales support medewerker | ICT-helpdeskmanager | ict network administrator | medewerker helpdesk | medewerker vetzuivering | tuinbouwmedewerker | medewerker fastfood | applicatiebeheerder PACS | ict capaciteitsplanner | ICT-omgevingsmanager | ICT-beveiligingstechnicus | ICT-technicus | green ict consultant
25608,2021 - 25608 OER Facilitair leidinggevende (V1),Facilitair leidinggevende,CompetentNL,crebo-direct,35,0,0,
25609,2020 - 25609 OER Allround medewerker facilitaire dienstverlening (V2),Allround medewerker facilitaire dienstverlening,CompetentNL,crebo-direct,27,0,0,
25614,2021 - 25614 OER Boulanger (V1),Boulanger,CompetentNL,crebo-direct,19,0,0,
25615,25615_BOL_2025__stOER-sociaal-werker-cohort-2025-bol,sociaal werker,ESCO,llm-keuze,64,0,194,"maatschappelijk werker | sociaal werker | sociaal-cultureel werker, specialisatie samenlevingsopbouw | pastoraal werker | maatschappelijk werker, specialisatie geestelijke gezondheidszorg | sociaalpedagogisch hulpverlener | maatschappelijk werker opbouwwerk | sociaal werker reclassering"
25621,25621_BOL_2024__Examenplannen Tuin Landschap en Recreatie 2425,Medewerker hovenier,CompetentNL,crebo-direct,17,0,0,
25633,25633_BOL_2025__25633BOL2025MJP_-Mediavormgever,Mediavormgever,CompetentNL,crebo-direct,20,0,0,
25636,25636_BOL_2025__vw-oer-motl-toerisme-2025,bestemmingsmanager,ESCO,llm-keuze,27,0,12,beleidsdirecteur recreatie en toerisme | onderhandelaar toeristische contracten | vakdocent reizen en toerisme beroepsonderwijs | productmanager toerisme | bestemmingsmanager
25641,25641_BOL_2025__25641BOL2025MJP-kapper,Kapper,CompetentNL,crebo-direct,11,0,0,
25642,25642_BBL_2025__25642BBL2025Examenplan-hairstylist-dame-cohort-2025,Haarstylist dame,CompetentNL,crebo-direct,11,0,0,
25643,2020 - 25643 Haarstylist Heer niveau 3 2020 versie 1.1,Haarstylist heer,CompetentNL,crebo-direct,11,0,0,
25644,25644_BOL_2023__EU_OER_2023_Salonmanager_dame_25644_en_heer_25645_BOL_BBL,Salonmanager dame,CompetentNL,crebo-direct,25,0,0,
25645,25645_BOL_2023__EU_OER_2023_Salonmanager_dame_25644_en_heer_25645_BOL_BBL,Salonmanager heer,CompetentNL,crebo-direct,26,0,0,
25646,25646_BOL_2025__oer-2025-2026-ci-25646-leidinggevende-leisure-hospitality,Leidinggevende leisure & hospitality,CompetentNL,crebo-direct,43,0,0,
25647,25647_BOL_2024__2024_OER_BOL_Leidinggevende-Travel-en-Hospitality,Leidinggevende travel & hospitality,CompetentNL,crebo-direct,35,0,0,
25648,25648_BOL_2025__Zelfstandig_medewerker_leisure_hospitality,Zelfstandig medewerker leisure & hospitality,CompetentNL,crebo-direct,38,0,0,
25649,25649_BOL_2023__2023_OER_BOL_Meewerken-horeca-ondernemer,Zelfstandig medewerker travel & hospitality,CompetentNL,crebo-direct,28,0,0,
25650,2021 - 25650 OER AA 3e leerweg Vastgesteld,Apothekersassistent,CompetentNL,crebo-direct,21,0,0,
25651,25651_BOL_2024__content_oer-2024-2025-ci-25651-acteur (1),Acteur,CompetentNL,crebo-direct,16,0,0,
25652,25652_BOL_2024__content_oer-2024-2025-ci-25652-danser,Danser,CompetentNL,crebo-direct,15,0,0,
25653,25653_BOL_2024__content_oer-2024-2025-ci-25653-musicalperformer,Musicalperformer,CompetentNL,crebo-direct,16,0,0,
25654,25654_BOL_2024__content_oer-2024-2025-ci-25654-muzikant,Muzikant,CompetentNL,crebo-direct,17,0,0,
25655,2021 - 25655 OER 2021 MBOV BBL zij instroom maatwerk 3 jarig start sept Vastgesteld,Mbo-Verpleegkundige,CompetentNL,crebo-direct,21,0,0,
25656,25656_BOL_2025__25656BOLBBL2025_Examenplan_VerzorgendeIG2-2,thuiszorgmedewerker,ESCO,llm-keuze,23,0,27,vulmachinist cokesoven | CAD-patroontekenaar | CAD-patroontekenaar lederwaren | officier zeedienst | voertuigontwerper | lay-outtekenaar animatiefilms | animatiefilmmaker | thuiszorgmedewerker | kraamverzorgende | zorghulp | verpleeghulp | woonbegeleider | thuishulp | paardenverzorger | schapenfokker
25659,25659_BBL_2025__Interieurvakmanschap_Interieurvakman_woningstofferen,Interieurvakman woningstofferen,CompetentNL,crebo-direct,22,0,0,
25661,25661_BBL_2025__Interieurvakmanschap_Allround_interieurvakman_woningstofferen,Allround interieurvakman woningstofferen,CompetentNL,crebo-direct,33,0,0,
25668,2021 - 25668 VG VTT OER Basis Technicus Autotechniek BOLBBL2,Basis technicus voertuigen en mobiele werktuigen,CompetentNL,crebo-direct,16,0,0,
25669,2021 - 25669 VG VTT OER Allround Technicus Autotechniek BBL3,Allround technicus voertuigen en mobiele werktuigen,CompetentNL,crebo-direct,24,0,0,
25670,2021 - 25670 VG VTT OER Technisch Specialist Bedrijfsautotechniek BBL4,Technisch specialist voertuigen en mobiele werktuigen ,CompetentNL,crebo-direct,24,0,0,
25684,25684_BOL_2025__Assistant_Fashion_Tailor,Assistant Fashion Tailor,CompetentNL,crebo-direct,22,0,0,
25685,25685_BOL_2025__Fashion_Retailer,Fashion Retailer,CompetentNL,crebo-direct,28,0,0,
25686,25686_BOL_2024__content_oer-2024-2025-ci-25686-fashion-tailor,Fashion Tailor,CompetentNL,crebo-direct,28,0,0,
25687,25687_BOL_2024__content_oer-2024-2025-ci-25687-fashion-designer,Fashion Designer,CompetentNL,crebo-direct,28,0,0,
25688,25688_BOL_2025__Fashion_Product_Coordinator,Fashion Product Coordinator,CompetentNL,crebo-direct,30,0,0,
25689,25689_BOL_2024__content_oer-2024-2025-ci-25689-basismedewerker-fashion,Basismedewerker fashion,CompetentNL,crebo-direct,15,0,0,
25690,25690_BBL_2025__25690BBL2025MJP-Beveiliger-2-augustus-dinsdag,Beveiliger 2,CompetentNL,crebo-direct,23,0,0,
25691,25691_BOL_2025__Beveiliger_3,Beveiliger 3,CompetentNL,crebo-direct,40,0,0,
25692,25692_BOL_2025__oer-2025-2026-ci-25692-allround-make-up-hair-artist,Allround make-up and hair artist,CompetentNL,crebo-direct,24,0,0,
25695,2021 - 25695 OER DA BOL Vastgesteld,Doktersassistent,CompetentNL,crebo-direct,30,0,0,
25696,25696_BBL_2024__2024_OER_BBL_Pedagogisch-medewerker-kinderopvang,Pedagogisch medewerker kinderopvang,CompetentNL,crebo-direct,22,0,0,
25697,25697_BOL_2025__25697BOL2025MJP-Pedagogisch-medewerker-GPM-samenwerking-SKG,Gespecialiseerd pedagogisch medewerker ,CompetentNL,crebo-direct,33,0,0,
25698,25698_BBL_2025__25698BBL2025MJP-Onderwijsassistent-KOP,Onderwijsassistent,CompetentNL,crebo-direct,24,0,0,
25699,25699_BOL_2025__25699BOL2025MJP-Tandartsassistent1,Tandartsassistent,CompetentNL,crebo-direct,24,0,0,
25704,25704_BOL_2024__Examenplannen Bloem Groen en Styling 2425,"Bedrijfsleider/ondernemer bloem, groen en styling",CompetentNL,crebo-direct,35,0,0,
25705,25705_BOL_2026__examenplan-25705-vakexpert-bloem-groen-en-styling-vastgesteld_,"Vakexpert bloem, groen en styling",CompetentNL,crebo-direct,34,0,0,
25706,25706_BOL_2026__examenplan-25706-vakbekwaam-medewerker-bloem-groen-en-styling-vastgest,"Vakbekwaam medewerker bloem, groen en styling",CompetentNL,crebo-direct,18,0,0,
25707,25707_BOL_2025__Examenplannen Bloem Groen en Styling 2526,"Medewerker bloem, groen en styling",CompetentNL,crebo-direct,18,0,0,
25714,25714_BBL_2025__Autospuiter_Autospuiter,Autospuiter,CompetentNL,crebo-direct,11,0,0,
25715,25715_BBL_2025__Autospuiter_Eerste_Autospuiter,Eerste Autospuiter,CompetentNL,crebo-direct,17,0,0,
25716,25716_BOL_2025__25716BOL2025Examenplan,Allround medewerker AV-productie,CompetentNL,crebo-direct,16,0,0,
25717,25717_BOL_2025__av_specialist_25717,AV-specialist,CompetentNL,crebo-direct,14,0,0,
25718,25718_BOL_2025__AV_productie_Beeldmaker_Fotograaf,Fotograaf,CompetentNL,crebo-direct,18,0,0,
25720,25720_BOL_2025__vw-oer-bbk-bakkerij2025-bolbbl,Leidinggevende bakkerij,CompetentNL,crebo-direct,37,0,0,
25721,25721_BBL_2025__25721 Uitvoerend bakker 24 maanden BBL,Uitvoerend bakker,CompetentNL,crebo-direct,17,0,0,
25722,25722_BOL_2025__talland-Zelfstandig-werkend-bakker,Zelfstandig werkend bakker ,CompetentNL,crebo-direct,27,0,0,
25723,25723_BOL_2025__25723BOL2025Examenplan-Allround-Assistant-Business-Services-cohort-2025,Allround Assistant Business Services,CompetentNL,crebo-direct,22,0,0,
25724,25724_BOL_2025__OER (OUD) - 25724OX - Assistant Business Services,Assistant Business Services,CompetentNL,crebo-direct,16,0,0,
25725,Business Administration & Control Specialist,Business Administration & Control Specialist,CompetentNL,crebo-direct,19,0,0,
25726,25726_BOL_2025__25726BOL2025Examenplan-Legal-Insurance-HR-Services-Specialist-cohort-2025,"Legal, Insurance  & HR Services Specialist",CompetentNL,crebo-direct,19,0,0,
25727,25727_BOL_2025__OER_2025_International_Business__Marketing__-_Marketing__Communication_Special_QWNYc,Marketing & Communication Specialist,CompetentNL,crebo-direct,24,0,0,
25728,25728_BOL_2025__OER (OUD) - 25728O - Office & Management Support Specialist,Office & Management Support Specialist,CompetentNL,crebo-direct,25,0,0,
25730,25730_BOL_2025__Examenplannen Dierverzorging 25-26,Bedrijfsleider dierverzorging,CompetentNL,crebo-direct,36,0,0,
25731,25731_BOL_2026__examenplan-25731-dierenartsassistent-paraveterinair-vastgesteld_,Dierenartsassistent paraveterinair,CompetentNL,crebo-direct,25,0,0,
25732,25732_BBL_2024__Addendum OER vanaf cohort 2024-2025,Medewerker dierverzorging,CompetentNL,crebo-direct,17,0,0,
25734,25734_BOL_2026__examenplan-25734-zelfstandig-medewerker-dierverzorging-vastgesteld_,Zelfstandig medewerker dierverzorging,CompetentNL,crebo-direct,26,0,0,
25735,25735_BBL_2025__talland-Eerste-monteur-elektrotechnische,Eerste monteur elektrotechnische industriële installaties en systemen,CompetentNL,crebo-direct,21,0,0,
25736,25736_BOL_2025__25736BOL2025MJP-Eerste-Monteur-Elektrotechnische-Installaties-in-de-Gebouwde-Omgevin,Eerste monteur elektrotechnische installaties in de gebouwde omgeving,CompetentNL,crebo-direct,24,0,0,
25737,25737_BOL_2025__25737_Monteur_elektrotechnische_installaties,Monteur elektrotechnische installaties,CompetentNL,crebo-direct,17,0,0,
25739,25739_BBL_2025__25739BBL2025MJP-Technicus-Elektrotechnische-Installaties-in-de-Gebouwde-Omgeving-d1,Technicus elektrotechnische  installaties in de gebouwde omgeving,CompetentNL,crebo-direct,25,0,0,
25740,25740_BOL_2025__25740BOL2025MJP-Assistent-bouwen-wonen-en-onderhoud,"Assistent bouwen, wonen en onderhoud",CompetentNL,crebo-direct,19,0,0,
25741,25741_BOL_2025__25741BOL2025MJP-Assistent-dienstverlening,Assistent dienstverlening,CompetentNL,crebo-direct,14,0,0,
25742,"25742_BOL_2025__OER (OUD) - 25742 - Assistent Horeca, Voeding of Voedingsindustrie","Assistent horeca, voeding of voedingsindustrie",CompetentNL,crebo-direct,13,0,0,
25743,25743_BOL_2026__examenplan-25743-assistent-logistiek-vastgesteld_,Assistent logistiek,CompetentNL,crebo-direct,13,0,0,
25744,25744_BOL_2025__talland-Assistent-metaal--elektro--en,"Assistent metaal-, elektro- en installatietechniek",CompetentNL,crebo-direct,17,0,0,
25745,25745_BBL_2025__talland-Assistent-mobiliteitsbranche-Entree,Assistent mobiliteitsbranche,CompetentNL,crebo-direct,13,0,0,
25746,25746_BOL_2026__examenplan-25746-assistent-plant-dier-of-groene-omgeving-vastgesteld_,"Assistent plant, dier of groene omgeving",CompetentNL,crebo-direct,11,0,0,
25747,25747_BOL_2025__talland-Assistent-procestechniek-Entree,Assistent procestechniek,CompetentNL,crebo-direct,15,0,0,
25748,25748_BOL_2024__2024_OER_Entree-verkoop-retail,Assistent verkoop/retail,CompetentNL,crebo-direct,17,0,0,
25749,25749_BOL_2025__oer-2025-2026-ci-25749-medewerker-evenementenorganisatie,Medewerker evenementenorganisatie,CompetentNL,crebo-direct,39,0,0,
25750,25750_BBL_2025__25750BBL2025MJP-AllroundVakmanGWWN3,Allround vakman gww,CompetentNL,crebo-direct,30,0,0,
25751,25751_BBL_2025__25751BBL2025MJP-AllroundWaterbouwerN3,Allround waterbouwer,CompetentNL,crebo-direct,26,0,0,
25752,25752_BBL_2025__talland-Asfaltafwerker,Asfaltafwerker,CompetentNL,crebo-direct,18,0,0,
25753,25753_BBL_2025__talland-Balkman,Balkman,CompetentNL,crebo-direct,25,0,0,
25754,25754_BBL_2025__talland-Opperman-bestratingen,Opperman bestratingen,CompetentNL,crebo-direct,20,0,0,
25755,25755_BBL_2025__25755BBL2025Examenplan,Straatmaker,CompetentNL,crebo-direct,27,0,0,
25756,25756_BBL_2025__25756BBL2025MJP-VakmanGrondWegenWaterbouwN2,Vakman gww,CompetentNL,crebo-direct,20,0,0,
25757,25757_BBL_2025__talland-Waterbouwer,Waterbouwer,CompetentNL,crebo-direct,19,0,0,
25761,25761_BBL_2025__25761BBL2025MJP_Procesoperator-A,Procesoperator A,CompetentNL,crebo-direct,25,0,0,
25762,25762_BBL_2025__25762BBL2025MJP_Procesoperator-B,Procesoperator B,CompetentNL,crebo-direct,29,0,0,
25771,25771_BOL_2024__content_oer-2024-2025-ci-25771-interieur-adviseur,Interieuradviseur,CompetentNL,crebo-direct,29,0,0,
25774,25774_BOL_2025__25774BOL2025Examenplan-Logistiek-medewerker-cohort-2025,Logistiek medewerker,CompetentNL,crebo-direct,21,0,0,
25775,25775_BBL_2025__25775BBL2025Examenplan-Logistiek-teamleider-cohort-2025,Logistiek teamleider,CompetentNL,crebo-direct,37,0,0,
25776,25776_BBL_2025__25776BBL2025Examenplan-Logistiek-supervisor-cohort-2025,Logistiek supervisor,CompetentNL,crebo-direct,45,0,0,
25777,25777_BOL_2025__talland-Specialist-transport-en-logistiek,Specialist transport en logistiek,CompetentNL,crebo-direct,48,0,0,
25779,25779_BBL_2024__2024_OER_BBL_Persoonlijk-begeleider-maatschappelijke-zorg,Persoonlijk begeleider maatschappelijke zorg,CompetentNL,crebo-direct,30,0,0,
25780,25780_BOL_2025__OER (OUD) - 25780O - Begeleider maatschappelijke zorg,Begeleider maatschappelijke zorg,CompetentNL,crebo-direct,26,0,0,
25785,25785_BBL_2025__25785BBL2025MJP-Allround-MetselaarN3,Allround Metselaar,CompetentNL,crebo-direct,14,0,0,
25786,25786_BBL_2025__25786BBL2025MJP-MetselaarN2,Metselaar,CompetentNL,crebo-direct,9,0,0,
25791,25791_BOL_2025__VeVa_Allround_vakkracht_onderhoud_en_klussenbedrijf,Allround vakkracht onderhoud- en klussenbedrijf,CompetentNL,crebo-direct,24,0,0,
25792,25792_BBL_2025__talland-Servicemedewerker-gebouwen,Servicemedewerker gebouwen,CompetentNL,crebo-direct,21,0,0,
25798,25798_BOL_2025__oer-2025-2026-ci-25798-allround-podium-en-evenemententechnicus,Allround podium- en evenemententechnicus,CompetentNL,crebo-direct,27,0,0,
25799,25799_BOL_2025__oer-2025-2026-ci-25799-medewerker-podium-en-evenemententechniek,Medewerker podium- en evenemententechniek,CompetentNL,crebo-direct,17,0,0,
25800,25800_BOL_2023__2023_OER_Podium-en-evenemententechnicus,Podium- en evenemententechnicus,CompetentNL,crebo-direct,21,0,0,
25802,25802_BBL_2025__talland-Operator-C-Vapro,Operator C,CompetentNL,crebo-direct,25,0,0,
25803,25803_BOL_2025__talland-Handhaver-toezicht-en-veiligheid,Handhaver toezicht en veiligheid Generieke opsporing (domein VI),CompetentNL,crebo-direct,32,0,0,
25806,25806_BOL_2025__25806 Handhaver toezicht en veiligheid,Handhaver toezicht en veiligheid Openbare ruimte (domein I),CompetentNL,crebo-direct,33,0,0,
25807,25807_BBL_2025__OER_2025_-_retail_manager (1),Retailmanager,CompetentNL,crebo-direct,29,0,0,
25808,25808_BOL_2024__St-OER_2024_Retailmedewerker (1),Retailmedewerker,CompetentNL,crebo-direct,18,0,0,
25809,25809_BBL_2025__OER_2025_-_retail_specialist_ (1),Retailspecialist,CompetentNL,crebo-direct,25,0,0,
25811,25811_BOL_2025__Ruimtelijk_Vormgever_25811,Ruimtelijk vormgever,CompetentNL,crebo-direct,22,0,0,
25821,25821_BBL_2025__25821BBL2025Examenplan,Eerste monteur service en onderhoud werktuigkundige installaties,CompetentNL,crebo-direct,36,0,0,
25825,25825_BBL_2025__Service_en_onderhoudstechniek_Technicus_service_en_onderhoud_werktuigkundige_ins,Technicus service en onderhoud werktuigkundige installaties,CompetentNL,crebo-direct,38,0,0,
25826,25826_BOL_2025__talland-Allround-tegelzetter,Allround tegelzetter,CompetentNL,crebo-direct,20,0,0,
25827,25827_BBL_2025__talland-Tegelzetter,Tegelzetter,CompetentNL,crebo-direct,10,0,0,
25828,25828_BBL_2025__25828BBL2025Examenplan,Allround timmerman,CompetentNL,crebo-direct,22,0,0,
25829,25829_BOL_2025__25829BOLBBL2025MJP-TimmermanN2,Timmerman,CompetentNL,crebo-direct,14,0,0,
25832,25832_BBL_2025__25832BBL2025MJP_Verbrandingsmotortechnicus-,Verbrandingsmotortechnicus,CompetentNL,crebo-direct,25,0,0,
25834,25834_BBL_2025__25834BBL2025Examenplan,Eerste monteur utiliteit,CompetentNL,crebo-direct,23,0,0,
25835,25835_BOL_2025__25835_Eerste_monteur_woning,Eerste monteur woning,CompetentNL,crebo-direct,23,0,0,
25865,25865_BBL_2025__Dakdekken_Dakdekker_riet,Dakdekker riet,CompetentNL,crebo-direct,10,0,0,
25870,25870_BOL_2025__25870BOL-BBL2025MJP-Middenfunctionaris-BOUW-N4-2025,Middenkaderfunctionaris bouw,CompetentNL,crebo-direct,32,0,0,
25871,25871_BOL_2025__talland-Middenkaderfunctionaris-grond--weg--en,"vakman grond-, weg- en waterbouw",ESCO,llm-keuze,27,0,28,"vakman grond-, weg- en waterbouw | vakman waterbouw | machinist wegenbouwmachine | technicus-landmeter | machinist wals | ondergronds mijnwerker | machinist grader | manager nathuisbewerking"
25874,25874_BOL_2025__OER_2025_Commercieel_Medewerker_25874,Commercieel medewerker,CompetentNL,crebo-direct,30,0,0,
25875,25875_BOL_2025__Consulent_commerciele_arbeidsbemiddeling_Recruiter,Consulent commerciële arbeidsbemiddeling,CompetentNL,crebo-direct,37,0,0,
25876,25876_BOL_2025__OER_2025-26_E-Commercespecialist_25876 (1),E-commerce specialist,CompetentNL,crebo-direct,42,0,0,
25877,25877_BOL_2025__OER_2025_Junior_Accountmanager_25877,Junior accountmanager,CompetentNL,crebo-direct,35,0,0,
25878,25878_BOL_2025__Junior_manager_groothandel_Junior_manager_groothandel_tweetalig,Junior manager groothandel,CompetentNL,crebo-direct,47,0,0,
25879,25879_BOL_2025__talland-Junior-manager-internationale-handel,Junior manager internationale handel,CompetentNL,crebo-direct,42,0,0,
25880,25880_BOL_2025__OER_2025_-_Ondernemer_Handel,Ondernemer handel,CompetentNL,crebo-direct,29,0,0,
25881,25881_BOL_2025__OER (OUD) - 25881O - Mediamanager,Mediamanager,CompetentNL,crebo-direct,11,0,0,
25882,25882_BOL_2025__25882BOL2025Examenplan,Mediaredactiemedewerker,CompetentNL,crebo-direct,25,0,0,
25883,25883_oer_00_2025_tt_bbl_autoschadehersteller,Autoschadehersteller,CompetentNL,crebo-direct,13,0,0,
25884,25884_BBL_2025__Eerste_Autoschadehersteller,Eerste autoschadehersteller,CompetentNL,crebo-direct,15,0,0,
25891,25891_BBL_2023__t-i-2023-oer-monteur-mechatronica-bbl-n2-25891,Monteur mechatronica,CompetentNL,crebo-direct,15,0,0,
25892,25892_BOL_2025__25892BOL2025MJP-Eerste-monteur-Mechatronica,Eerste monteur mechatronica,CompetentNL,crebo-direct,22,0,0,
25893,25893_BOL_2025__25893BOL2025MJP-Technicus-Mechatronica-1,Technicus mechatronica,CompetentNL,crebo-direct,26,0,0,
25894,25894_BOL_2025__25894BOL2025MJP_Medewerker-productietechniek,Medewerker productietechniek,CompetentNL,crebo-direct,18,0,0,
25895,25895_BOL_2025__25895BOL2025MJP_Allround-medewerker-productietechniek,Allround medewerker productietechniek,CompetentNL,crebo-direct,20,0,0,
25896,25896_BOL_2025__25896BOLBBL2025Examenplan,Productietechnicus,CompetentNL,crebo-direct,31,0,0,
25898,25898_BOL_2023__2023_OER_BOL_Technicus-Engineering,technicus automatisering,ESCO,llm-keuze,24,0,21,mastering engineer | technicus computerhardware | technicus microsystemen | technisch ingenieur optomechanica | chemisch tester | technicus fotonica | technicus automatisering | instrumentatietechnicus
25906,25906_BOL_2025__talland-Schoonheidsspecialist,Schoonheidsspecialist,CompetentNL,crebo-direct,22,0,0,
25907,25907_BOL_2025__talland-Allround-Schoonheidsspecialist,Allround Schoonheidsspecialist,CompetentNL,crebo-direct,31,0,0,
25908,25908_BOL_2025__25908 Sport- en bewegingsleider 36 maanden,Sport- en bewegingsleider,CompetentNL,crebo-direct,16,0,0,
25909,Buurtsportcoach,Buurtsportcoach,CompetentNL,crebo-direct,22,0,0,
25910,Leefstijlcoach,Leefstijlcoach,CompetentNL,crebo-direct,25,0,0,
25912,Trainer-coach/Instructeur,Trainer-coach/Instructeur ,CompetentNL,crebo-direct,22,0,0,
25913,25913_BOL_2026__examenplan-25913-hoefsmid-vastgesteld_,Hoefsmid,CompetentNL,crebo-direct,29,0,0,
25915,25915_BOL_2026__examenplan-25915-vakbekwaam-medewerker-paardensport-en--houderij-vastg,Vakbekwaam medewerker paardensport en -houderij,CompetentNL,crebo-direct,21,0,0,
25916,25916_BOL_2025__Examenplannen Hippisch 25-26,Bedrijfsleider paardensport en -houderij,CompetentNL,crebo-direct,38,0,0,
25919,25919_BOL_2025__25919BOL2025MJP-Technicus-Engineering-Elektrotechniek,Technicus engineering,CompetentNL,crebo-direct,23,0,0,
25920,25920_BOL_2025__talland-Commercieel-technicus-engineering,Commercieel technicus engineering,CompetentNL,crebo-direct,21,0,0,
25923,25923_BBL_2025__25923BBL2025Examenplan,Machineoperator houtverwerkende industrie,CompetentNL,crebo-direct,20,0,0,
25924,25924_BBL_2025__25924BBL2025MJP-MeubelmakerN2,Meubelmaker/(scheeps)interieurbouwer,CompetentNL,crebo-direct,23,0,0,
25926,25926_BBL_2025__25926BBL2025MJP-AllroundMeubelmakerN3,Allround meubelmaker/(scheeps)interieurbouwer,CompetentNL,crebo-direct,25,0,0,
25927,25927_BOL_2025__talland-Werkvoorbereider,Werkvoorbereider meubelindustrie/(scheeps)interieurbouw,CompetentNL,crebo-direct,44,0,0,
25928,25928_BBL_2025__25928BBL2025Examenplan,—,ESCO,geen-kandidaten,0,0,0,
25938,25938_BOL_2025__Vliegtuigonderhoud_Eerste_monteur_luchtvaartuigen,Eerste monteur luchtvaartuigen,CompetentNL,crebo-direct,22,0,0,
25941,25941_BOL_2025__Vliegtuigonderhoud_Technicus_mechanica_luchtvaartuigen,Technicus mechanica luchtvaartuigen,CompetentNL,crebo-direct,29,0,0,
25942,25942_BOL_2025__Vliegtuigonderhoud_Technicus_avionica_luchtvaartuigen,Technicus avionica luchtvaartuigen,CompetentNL,crebo-direct,31,0,0,
25944,25944_BOL_2025__talland-Glaszetter,Glaszetter,CompetentNL,crebo-direct,11,0,0,
25948,25948_BBL_2025__talland-Machinist-grondverzet,Machinist grondverzet,CompetentNL,crebo-direct,18,0,0,
25949,25949_BBL_2025__talland-Machinist-wegenbouw,Machinist wegenbouw,CompetentNL,crebo-direct,18,0,0,
25954,25954_BOL_2025__talland-Technicus-hout-en-restauratie,kwaliteitscontroleur hout,ESCO,llm-keuze,34,0,22,operator lamineren van glasvezel | technicus computerhardware | houthandelaar | kwaliteitscontroleur hout | technicus waterkracht | assemblagemedewerker hout | distributiemanager hout en bouwmaterialen | import-exportmanager hout en bouwmaterialen
25955,25955_BBL_2025__Keukenmontage_Keukenmonteur,Keukenmonteur,CompetentNL,crebo-direct,31,0,0,
25956,25956_BBL_2025__Allround_keukenmonteur,Allround keukenmonteur,CompetentNL,crebo-direct,37,0,0,
25958,25958_BOL_2025__25958 Sociaal werker 36 maanden BOL HRN_,Sociaal werker ,CompetentNL,crebo-direct,21,0,0,
25959,25959_BOL_2025__talland-Medewerker-facilitaire-dienstverlening,Medewerker facilitaire dienstverlening,CompetentNL,crebo-direct,25,0,0,
25960,25960_BOL_2025__25960BOL2025MJP_Dienstverlening_HZW_2-JARIG,Helpende Zorg en Welzijn,CompetentNL,crebo-direct,28,0,0,
25961,Medewerker sport en recreatie,Medewerker sport en recreatie,CompetentNL,crebo-direct,22,0,0,
25969,25969_BBL_2025__Audicien,Audicien,CompetentNL,crebo-direct,23,0,0,
25977,25977_BOL_2024__Examenplannen Voeding 24-25,"Medewerker voeding, technologie en techniek",CompetentNL,crebo-direct,18,0,0,
25978,25978_BOL_2026__examenplan-25978-vakbekwaam-medewerker-voeding-technologie-en-techniek,"Vakbekwaam medewerker voeding, technologie en techniek",CompetentNL,crebo-direct,23,0,0,
25979,25979_BOL_2026__examenplan-25979-vakexpert-voeding-technologie-en-techniek-vastgesteld,"Vakexpert voeding, technologie en techniek",CompetentNL,crebo-direct,24,0,0,
25980,25980_BOL_2026__examenplan-25980-vakexpert-voeding-kwaliteit-en-productontwikkeling-va,"Vakexpert voeding, kwaliteit en productontwikkeling",CompetentNL,crebo-direct,18,0,0,
25981,25981_BOL_2025__Examenplannen Teelt en Loonwerk 25-26,Medewerker teelt,CompetentNL,crebo-direct,20,0,0,
25982,25982_BOL_2026__examenplan-25982-medewerker-agrohandel-en-logistiek-vastgesteld_,Medewerker agrohandel en logistiek,CompetentNL,crebo-direct,24,0,0,
25983,25983_BOL_2024__Examenplannen Veehouderij  24-25,Medewerker veehouderij,CompetentNL,crebo-direct,23,0,0,
25984,25984_BOL_2026__examenplan-25984-vakbekwaam-medewerker-teelt-vastgesteld_,Vakbekwaam medewerker teelt,CompetentNL,crebo-direct,28,0,0,
25986,25986_BOL_2026__examenplan-25986-vakbekwaam-medewerker-veehouderij-vastgesteld_,Vakbekwaam medewerker veehouderij,CompetentNL,crebo-direct,31,0,0,
25987,25987_BOL_2025__Examenplannen Biologisch Dynamische landbouw  25-26,Vakbekwaam medewerker biologisch-dynamische landbouw,CompetentNL,crebo-direct,28,0,0,
25988,25988_BOL_2026__examenplan-25988-vakexpert-teelt-en-groene-technologie-vastgesteld_,Vakexpert teelt en groene technologie,CompetentNL,crebo-direct,39,0,0,
25990,25990_BOL_2026__examenplan-25990-vakexpert-veehouderij-def_,Vakexpert veehouderij,CompetentNL,crebo-direct,43,0,0,
25991,25991_BOL_2026__examenplan-25991-vakexpert-biologisch-dynamische-landbouw-def_,Vakexpert biologisch-dynamische landbouw,CompetentNL,crebo-direct,43,0,0,
25992,25992_BOL_2025__Examenplannen Groen Grond en Groene Infra  2526,"Medewerker groen, grond en groene infra",CompetentNL,crebo-direct,23,0,0,
25993,25993_BOL_2026__examenplan-25993-vakbekwaam-medewerker-gggi-vastgesteld_,"Vakbekwaam medewerker groen, grond en groene infra",CompetentNL,crebo-direct,27,0,0,
25994,25994_BOL_2026__examenplan-25994-vakexpert-groen-grond-en-groene-infra-vastgesteld_,"Vakexpert groen, grond en groene infra",CompetentNL,crebo-direct,36,0,0,
25995,25995_BOL_2026__examenplan-25995-voeding--en-leefstijladviseur-vastgesteld_,Voeding- en leefstijladviseur,CompetentNL,crebo-direct,21,0,0,
25996,25996_BOL_2026__examenplan-25996-cordinator-duurzaamheid-vastgesteld_,Coördinator duurzaamheid,CompetentNL,crebo-direct,32,0,0,
25997,25997_BOL_2025__OER_2025_-_Vakspecialist_Ondernemer,Vakspecialist ondernemer,CompetentNL,crebo-direct,24,0,0,
25998,25998_BOL_2025__TIK_2025_OER_25998-software-developer,Software developer,CompetentNL,crebo-direct,13,0,0,
25999,25999_BOL_2024__2024_OER_Medewerker-ICT-Support,Medewerker ICT,CompetentNL,crebo-direct,13,0,0,
26005,2021 - 26005 VG PDE OER Projectleider Duurzame Energie BOL4,manager energievoorziening,ESCO,llm-keuze,34,0,22,commercieel vertegenwoordiger duurzame energie | consulent hernieuwbare energie | ingenieur hernieuwbare energie | manager energievoorziening | ingenieur energietechnieken | adviseur energieverbruik | consulent zonne-energie | ingenieur energieproductie
26027,2021 - 26027 OER MZG BOL Vastgesteld,medisch codeur,ESCO,llm-keuze,12,0,9,medisch codeur
27002,27002_BOL_2024__Dataregister-studenten_ICT,Medewerker sign,CompetentNL,crebo-direct,19,0,0,
27003,27003_BOL_2025__talland-Allround-signmaker,Allround signmaker,CompetentNL,crebo-direct,24,0,0,
27004,27004_BOL_2025__oer-2025-2026-ci-27004-signspecialist,Signspecialist,CompetentNL,crebo-direct,37,0,0,
27006,27006_BBL_2025__talland-Monteur-gas--water--of-warmtedistributie,"Monteur gas-, water- of warmtedistributie",CompetentNL,crebo-direct,23,0,0,
27007,27007_BBL_2025__talland-Monteur-laagspanningsdistributie,Monteur laagspanningsdistributie,CompetentNL,crebo-direct,25,0,0,
27008,27008_BBL_2025__talland-Monteur-middenspanningsdistributie,Monteur middenspanningsdistributie,CompetentNL,crebo-direct,26,0,0,
27010,27010_BBL_2025__talland-Eerste-Monteur-gas--water--of,"Eerste monteur gas-, water- of warmtedistributie",CompetentNL,crebo-direct,29,0,0,
27011,27011_BBL_2025__talland-Eerste-monteur-laagspanningsdistributie,Eerste monteur laagspanningsdistributie,CompetentNL,crebo-direct,31,0,0,
27012,27012_BBL_2025__Infratechniek_Eerste_monteur_middenspanningsdistributie,Eerste monteur middenspanningsdistributie,CompetentNL,crebo-direct,28,0,0,
27014,27014_BBL_2025__Infratechniek_Eerste_monteur_hoogspanningstransport,Eerste monteur hoogspanningstransport,CompetentNL,crebo-direct,31,0,0,
27015,27015_BOL_2025__TIK-2025-OER-ICT-Support-and-Systems-27015-en-27016,ICT support technician,CompetentNL,crebo-direct,16,0,0,
27016,27016_BOL_2025__OER (OUD) - 27016O - ICT system engineer,ICT system engineer,CompetentNL,crebo-direct,18,0,0,
27017,27017_BOL_2026__examenplan-27017-werkbegeleider-zorgboerderij-vastgesteld_,Werkbegeleider zorgboerderij,CompetentNL,crebo-direct,30,0,0,
27018,27018_BOL_2025__Examenplannen Zorgboederij 25-26,Persoonlijk werkbegeleider zorgboerderij ,CompetentNL,crebo-direct,34,0,0,
27019,27019_BBL_2025__Betonreparatie_Betonreparateur,Betonreparateur,CompetentNL,crebo-direct,15,0,0,
27020,27020_BBL_2025__Allround_Betonreparatie_Betonreparateur,Allround betonreparateur ,CompetentNL,crebo-direct,24,0,0,
27025,27025_BBL_2025__Infratechniek_Technicus_elektrotechniek,Elektrotechnicus Infra,CompetentNL,crebo-direct,30,0,0,
27026,27026_BBL_2025__Infratechniek_Technicus_gas,Gastechnicus Infra,CompetentNL,crebo-direct,30,0,0,
27027,27027_BBL_2025__Infratechniek_Technicus_water,Watertechnicus Infra,CompetentNL,crebo-direct,36,0,0,
27030,27030_BBL_2025__Medewerker_Steriele_Medische_Hulpmiddelen,Medewerker steriele medische hulpmiddelen,CompetentNL,crebo-direct,23,0,0,
27032,27032_BBL_2025__27032 Allround Medewerker Optiek 36 maanden,Allround medewerker optiek,CompetentNL,crebo-direct,33,0,0,
27033,27033_BBL_2025__talland-Opticien,Opticien,CompetentNL,crebo-direct,35,0,0,
27038,27038_BBL_2025__talland-Fietstechnicus,fietsenmaker,ESCO,llm-keuze,13,0,19,fietsenmaker
27039,27039_BBL_2025__talland-Eerste-fietstechnicus,fietsenmaker,ESCO,llm-keuze,13,0,19,fietsenmaker | eerste automonteur | eerstehulpinstructeur | senator | sergeant | luitenant | ticketverkoper | korporaal
27040,27040_BOL_2025__Luchtvaartdienstverlener,Luchtvaartdienstverlener,CompetentNL,crebo-direct,18,0,0,
27042,27042_BBL_2025__27042BBL2025Examenplan-Chauffeur-wegvervoer-cohort-2025,Chauffeur wegvervoer,CompetentNL,crebo-direct,19,0,0,
27043,27043_BBL_2025__talland-Allround-Chauffeur-wegvervoer,Allround chauffeur wegvervoer,CompetentNL,crebo-direct,25,0,0,
27047,27047_BOL_2025__OER_2025_-_Leidinggevende_teamafdelingproject,Leidinggevende van een team/afdeling/project,CompetentNL,crebo-direct,21,0,0,
27048,27048_BBL_2025__talland-Leidinggevende-van-technici,Leidinggevende van technici,CompetentNL,crebo-direct,26,0,0,
27081,27081_BOL_2026__examenplan-27081-medewerker-hovenier-en-groenvoorziening-vastgesteld_,hovenier,ESCO,llm-keuze,33,0,20,medewerker groenvoorziening/medewerkster groenvoorziening | hovenier | botanicus | medewerker grondstoffenontvangst | medewerker gasdistributie | medewerker vetzuivering | tuinbouwmedewerker | medewerker fastfood
27082,27082_BOL_2026__examenplan-27082-medewerker-natuur-water-en-natuurrecreatie--vastgeste,medewerker milieubescherming,ESCO,llm-keuze,20,0,31,exploitatietechnicus systemen voor waterbehandeling | technicus waterleidingbedrijf | consultant natuurlijke rijkdommen | medewerker cacaopers | brandweerman te water | medewerker veeteelt | medewerker milieubescherming | milieu-ingenieur
27083,27083_BOL_2026__examenplan-27083-vakbekwaam-hovenier-en-groenvoorziening-vastgesteld_,hovenier,ESCO,llm-keuze,33,0,20,medewerker groenvoorziening/medewerkster groenvoorziening | hovenier | botanicus | specialist taxatie bedrijfsovername | enveloppenmaker | pijpleidingoperator | procesoperator zetmeelextractie | beeldhouwer
27084,27084_BOL_2026__examenplan-27084-vakbekwaam-medewerker-natuur-water-en-natuurrecreatie,medewerker milieubescherming,ESCO,llm-keuze,20,0,31,exploitatietechnicus systemen voor waterbehandeling | technicus waterleidingbedrijf | consultant natuurlijke rijkdommen | medewerker cacaopers | brandweerman te water | medewerker veeteelt | medewerker milieubescherming | milieu-ingenieur
27085,27085_BOL_2026__examenplan-27085-opzichter--uitvoerder-groene-ruimte-vastgesteld_,medewerker groenvoorziening/medewerkster groenvoorziening,ESCO,llm-keuze,32,0,19,hovenier | binnentuinarchitect | verkeersbrigadier | medewerker groenvoorziening/medewerkster groenvoorziening | opzichter van een wijngaard | bouwopzichter | opzichter vuilnisbelt | opzichter timmerwerk
27110,27110 Mediavormgever BOL 2026,—,ESCO,geen-kandidaten,0,0,0,
27121,27121_BOL_2025__OER_2025_-_Ondernemer_Handel,bedrijfsleider kringloopwinkel,ESCO,llm-keuze,30,0,0,markt- en straathandelaar | marktverkoper | manager bloemendetailhandel | verkoopmanager bouwmaterialen | bedrijfsleider kringloopwinkel | manager delicatessenwinkel | manager tabakswinkel | bedrijfsleider fietsenwinkel
27145,27145_BOL_2025__content_oer-cohort-2025-verpleegkunde-bol,verpleeghulp,ESCO,llm-keuze,37,0,21,web content manager | docent verpleegkunde hoger onderwijs | bibliothecaris big-data-archief | gespecialiseerd verpleegkundige | verpleeghulp | technical communicator | vakdocent hulpverpleging en verloskunde beroepsonderwijs | leidinggevend verpleegkundige
39665,39665_BOL_2026__OER Studiegids,—,ESCO,geen-kandidaten,0,0,0,
79140,79140_BOL_2025__79140 Go! Oriëntatietraject 12 maanden BOL,—,ESCO,geen-match,0,0,0,pijpleidingoperator | huis-aan-huisverkoper | redacteur uitgeverij | chauffeur gevaarlijke stoffen | accumonteur | medewerker internationale betrekkingen | wetenschappelijk onderzoeker godsdienstwetenschappen | medewerker groenvoorziening/medewerkster groenvoorziening
82020,2021 - 82020 VG Entree OER 2020 V0 ,—,ESCO,geen-match,0,0,0,laserlasser
